Year,Office,TotalBudget,TotalQty,AvgUnitCost
2017,Accounting Unit,571455.0,516,3957.4561403508774
2017,Administrative Services Unit,5758042.56,23083,22889.93291666667
2017,Admission and Registration Office,1842225.0,1390,4013.9634146341464
2017,Alumni Affairs Office,51825.0,47,2070.8695652173915
2017,Budget Management Unit,28530.0,41,508.3333333333333
2017,Cashiering Unit,690126.0,924,6033.790697674419
2017,College of Architecture and Fine Arts,1653691.6,536,4046.9227272727276
2017,College of Arts and Social Sciences,2843937.0,396,22681.39024390244
2017,College of Business and Accountancy,3283023.0,1585,8260.355555555556
2017,College of Computer Studies,19730811.0,1407,24494.072835820894
2017,College of Education,2403140.12,2081,5350.535652173913
2017,College of Engineering,6035570.0,428,130615.15625
2017,College of Law,336410.0,342,3691.7045454545455
2017,College of Public Administration & Governance,167210.0,173,3729.242424242424
2017,College of Technology,681755.0,1311,2230.390625
2017,Commission on Audit,31620.0,56,1181.6666666666667
2017,Dental Office,921315.0,2267,4362.075757575758
2017,Extension Services Management Office,229870.0,118,4021.6666666666665
2017,Gender and Development Office,360742.0,287,12110.785714285714
2017,Graduate Studies,1319435.0,4314,5913.387096774193
2017,Guidance & Counseling,1814632.8,1196,6331.655257731959
2017,Human Resource Development & Management Office,1609002.96,616,4884.887191011236
2017,Infrastructure and Management Office,13587521.0,389,120678.82727272727
2017,Institutional Linkages,199124.0,177,3234.2580645161293
2017,Internal Audit Services,126710.0,22,5085.0
2017,International Affairs and Linkages Office,145389.0,213,1865.923076923077
2017,National Service Training Program,48515.0,160,950.625
2017,Office of Culture and Arts,3933420.0,820,66142.40384615384
2017,Office of Student Affairs Services,24210.0,72,299.70588235294116
2017,Office of University Health Services,1774830.56,25671,3477.4211111111113
2017,Office of the University President,212630.0,666,1465.0344827586207
2017,Office of the University/Board Secretary,56965.0,172,352.0967741935484
2017,Office of the Vice President for Academic Affairs,238555.0,107,7041.451612903225
2017,Office of the Vice President for Administration,165983.0,214,2207.9189189189187
2017,"Office of the Vice President for Research, Innovation and Extension",26460.0,35,716.3157894736842
2017,Panrehiyong Sentro ng Wikang Filipino,108710.0,359,3404.9615384615386
2017,Physical Plant and General Services Unit,14128780.0,38840,3331.956422018349
2017,Planning Office,219910.0,110,3389.2
2017,Procurement Unit,1233835.0,322,29456.617647058825
2017,Public Affairs Office,98009.0,186,3355.5925925925926
2017,Quality Assurance Office,2397510.0,697,78229.37931034483
2017,Records & Archives Unit,141251.0,1425,683.3333333333334
2017,Scholarship Unit,303788.8,323,3946.4976744186047
2017,Sports Development and Management Office,3654015.0,7944,9875.51655629139
2017,Student Development,1085535.0,293,17420.26785714286
2017,Supply and Property Management Unit,2192757.0,10784,28129.491803278688
2017,"Technology, Development, Transfer and Commercialization Office",269050.0,85,3321.7241379310344
2017,University Hotel,3413870.0,13204,3615.0172413793102
2017,University Secretary,37695.0,184,383.1333333333333
2017,VP for Institutional Linkages & External Affairs,31767.0,63,765.0952380952381
2018,Accounting Unit,260332.29,2440,1930.8671111111112
2018,Administrative Services Unit,4932903.85,29705,5956.897727272727
2018,Admission and Registration Office,1315055.2,1695,3737.978909090909
2018,Alumni Affairs Office,82072.73999999999,66,3305.2891304347822
2018,Budget Management Unit,35702.06,53,809.327
2018,Cashiering Unit,1076514.47,803,7418.4715625
2018,Center for Tarlaqueño Studies,6015.47,43,158.67384615384614
2018,College of Architecture and Fine Arts,402307.2,438,7258.74
2018,College of Arts and Social Sciences,231298.7,342,2549.5489130434785
2018,College of Business and Accountancy,179022.2,794,229.098
2018,College of Computer Studies,105202.89,653,393.1227272727273
2018,College of Criminal Justice and Education,599776.0599999999,1179,2326.4554999999996
2018,College of Education,323086.97000000003,690,3799.4156
2018,College of Engineering,313878.27,1411,567.2104054054054
2018,College of Law,271902.51,205,8815.652916666668
2018,College of Public Administration & Governance,27467.28,88,488.8370588235294
2018,Commission on Audit,26378.51,75,836.9927777777779
2018,Dental Office,535813.02,2087,5515.02375
2018,Extension Services Management Office,146654.41,247,3832.8736
2018,Gender and Development Office,86659.0,195,2156.8127272727274
2018,Guidance & Counseling,2480551.53,17046,6114.821724137931
2018,Human Resource Development & Management Office,1124587.1400000001,441,4183.9972727272725
2018,Infrastructure and Management Office,387292.33999999997,405,3190.0214285714287
2018,Institutional Linkages,219198.39,87,4276.357333333333
2018,Internal Audit Services,116674.06,59,5246.4
2018,International Affairs and Linkages Office,86193.47,192,814.2530434782609
2018,National Service Training Program,86136.08,157,589.3451724137932
2018,Office of Culture and Arts,3884117.29,1112,6411.177924528301
2018,Office of Student Affairs Services,397457.51,31,27846.272142857142
2018,Office of University Health Services,762247.75,26915,2113.123950617284
2018,Office of the University President,364814.61,632,4551.203387096774
2018,Office of the University/Board Secretary,200780.14,211,5562.416956521739
2018,Office of the Vice President for Academic Affairs,145276.43,85,4314.634333333333
2018,Office of the Vice President for Administration,102286.22,140,2598.4445454545453
2018,"Office of the Vice President for Research, Innovation and Extension",64973.71,43,3172.321111111111
2018,Panrehiyong Sentro ng Wikang Filipino,96522.07,266,5279.424
2018,Physical Plant and General Services Unit,13826490.0,876994,7784.320945945946
2018,Placement & Scholarship Office,202478.88,543,3142.112
2018,Planning Office,529241.79,309,10963.285945945947
2018,Procurement Unit,312741.53,208,4827.4746875
2018,Public Affairs Office,73849.86,42,3225.6438095238095
2018,Quality Assurance Office,104820.5,487,1807.7991304347825
2018,Records & Archives Unit,909022.72,327,13205.75924528302
2018,Sports Development and Management Office,4249443.21,9955,5247.294338624339
2018,Student Development,183650.5,206,5213.829666666667
2018,Supply and Property Management Unit,475434.58999999997,10870,1394.8347169811318
2018,"Technology, Development, Transfer and Commercialization Office",16576.09,35,418.1666666666667
2018,University Hotel,2547466.25,10346,3921.782594936709
2018,VP for Institutional Linkages & External Affairs,157730.04,78,3870.379047619047
2019,Accounting Unit,587330.6,5463,2750.7118421052633
2019,Administrative Services Unit,6197893.4,47382,11257.397674418604
2019,Admission and Registration Office,1863813.4,1026,11759.694482758621
2019,Alumni Affairs Office,68520.56,84,1655.039230769231
2019,Budget Management Unit,71176.19,72,803.9742857142857
2019,Cashiering Unit,1264913.51,802,7037.3896774193545
2019,Center for Tarlaqueño Studies,7629.95,43,108.48800000000001
2019,College of Architecture and Fine Arts,324046.17,533,4600.49
2019,College of Arts and Social Sciences,307561.18,432,6619.102972972973
2019,College of Business and Accountancy,1698099.12,1703,2221.9021212121215
2019,College of Computer Studies,10197312.5,767,298610.23208333337
2019,College of Criminal Justice and Education,288170.73,162,5642.054166666666
2019,College of Education,2874160.49,706,6712.605
2019,College of Law,260040.18,227,9068.997391304349
2019,College of Public Administration & Governance,44733.1,650,735.955
2019,Commission on Audit,235852.38,127,5543.629259259259
2019,Dental Office,875504.59,2046,15624.725
2019,Extension Services Management Office,1838044.74,1605,26264.2135
2019,Gender and Development Office,1805136.34,2992,16244.323414634147
2019,Human Resource Development & Management Office,2081033.8900000001,881,14070.797076923078
2019,Infrastructure and Management Office,746500.22,322,22999.52870967742
2019,Internal Audit Services,119161.93,77,6190.280625
2019,International Affairs and Linkages Office,59580.99,110,815.3344444444444
2019,Motorpool Unit,3991190.62,40654,4203.662222222222
2019,National Service Training Program,205980.97,11127,425.25777777777773
2019,Office of Culture and Arts,784107.5700000001,855,1333.9572093023257
2019,Office of Institutional Linkages,6174.79,54,175.30599999999998
2019,Office of Student Affairs Services,400694.62,65,21366.959444444445
2019,Office of University Health Services,1812835.0,57567,1685.9759615384614
2019,Office of the University President,110991.82,561,400.1276190476191
2019,Office of the University/Board Secretary,160123.16,315,1833.0860869565215
2019,Office of the Vice President for Academic Affairs,282327.33,176,6364.617368421053
2019,Office of the Vice President for Administration,143459.05,187,2620.9508571428573
2019,"Office of the Vice President for Research, Innovation and Extension",98469.59999999999,174,1877.7493548387097
2019,Panrehiyong Sentro ng Wikang Filipino,123189.75,177,8547.806153846153
2019,Physical Plant and General Services Unit,7845506.68,25385,5981.862425373134
2019,Planning Office,4234538.9,461,36568.73823529411
2019,Procurement Unit,827491.76,365,4135.510256410256
2019,Public Affairs Office,154117.96,87,5966.745416666668
2019,Quality Assurance Office,1117460.79,687,7031.540909090909
2019,Records & Archives Unit,268747.08,157,6086.2021621621625
2019,Scholarship Unit,107593.86,185,2871.873225806452
2019,Sports Development and Management Office,3833978.36,13295,2616.283550295858
2019,Student Development,2045943.98,870,55205.53647058824
2019,Supply and Property Management Unit,848538.53,10083,3575.508448275862
2019,"Technology, Development, Transfer and Commercialization Office",134780.97999999998,1055,9390.69090909091
2019,University Hotel,3348380.34,19107,12554.635465116278
2019,VP for Institutional Linkages & External Affairs,91311.76,87,1235.6478571428572
2020,Accounting Unit,138900.58,213,776.8349999999999
2020,Administrative Services Unit,5530624.67,5532,14116.262441860466
2020,Admission and Registration Office,2322673.75,1598,4137.5275
2020,Alumni Affairs Office,72877.83,85,2257.0653846153846
2020,Budget Management Unit,152945.91,97,6314.028571428571
2020,Cashiering Unit,1808796.8399999999,915,3300.321379310345
2020,Center for Tarlaqueño Studies,100857.36,72,3899.183333333333
2020,College of Architecture and Fine Arts,2092089.47,610,26839.606530612244
2020,College of Arts and Social Sciences,7178772.87,444,15666.64896551724
2020,College of Business and Accountancy,2416377.08,682,8679.958974358975
2020,College of Computer Studies,6236934.0200000005,684,11675.577777777778
2020,College of Criminal Justice and Education,1403405.45,247,41595.84129032258
2020,College of Education,406140.12,271,8301.883157894737
2020,College of Law,327518.81,238,3152.508918918919
2020,College of Public Administration & Governance,783144.5,268,12070.693000000001
2020,Commission on Audit,56688.41,231,722.6348837209302
2020,Extension Services Management Office,2134881.66,1435,23080.108095238094
2020,Gender and Development Office,1997929.03,3640,14377.42543859649
2020,Human Resource Development & Management Office,3626524.73,942,31534.72347826087
2020,Institutional Student Programs and Services,3146017.31,75115,3175.7619897959185
2020,Integrated Management System Unit,3756834.64,699,33871.51944444444
2020,Internal Audit Services,167805.38,55,8252.976
2020,International Affairs and Linkages Office,57454.2,98,969.7819047619048
2020,Motorpool Unit,7483381.91,780,63542.159534883715
2020,National Service Training Program,464729.57,776,3158.519210526316
2020,Office of the University President,454196.44,636,4317.145454545454
2020,Office of the University/Board Secretary,153965.44,257,1086.3257692307693
2020,Office of the Vice President for Academic Affairs,336573.52,185,10470.608275862069
2020,Office of the Vice President for Administration,134884.01,219,2934.3966666666665
2020,Office of the Vice President for Planning and Quality Assurance,15449.77,91,126.93
2020,"Office of the Vice President for Research, Innovation and Extension",346991.57,135,6736.936285714286
2020,Panrehiyong Sentro ng Wikang Filipino,125848.2,81,4707.5304
2020,Planning Office,220146.59,107,6400.8985
2020,Procurement Unit,597852.43,1298,1233.1110714285714
2020,Public Affairs Office,270280.79,134,7096.793333333333
2020,Quality Assurance Office,2011996.88,938,19088.42833333333
2020,Records & Archives Unit,361833.36,325,6200.413191489361
2020,Research Ethics & Review Committee,128537.36,80,5372.792272727273
2020,Student Affairs Services,2873820.4699999997,10167,5605.536451612903
2020,Student Development Services Unit,8213772.62,6812,12078.029780701754
2020,Student Welfare Services Unit,2863018.35,1093,7224.008953488373
2020,Supply and Property Management Unit,1471535.29,11996,6731.201132075473
2020,"Technology, Development, Transfer and Commercialization Office",782486.86,162,28104.62
2020,University Hotel,3340130.4,17349,5515.638666666667
2021,Accounting Unit,1289131.56,868,8335.07173076923
2021,Administrative Services Unit,8870557.08,28202,8755.551333333333
2021,Admission and Registration Office,2399506.48,1598,4472.910298507462
2021,Alumni Affairs Office,88762.38,110,5483.193571428572
2021,Budget Management Unit,549144.47,531,2713.199
2021,Career Education & Job Placement Section,136661.5,242,2934.67
2021,Cashiering Unit,1982412.23,927,5891.378048780488
2021,Center for Tarlaqueño Studies,97538.7,73,3329.6285185185184
2021,College of Architecture and Fine Arts,499246.36,317,8603.925208333334
2021,College of Arts and Social Sciences,9346468.51,919,24648.754761904762
2021,College of Business and Accountancy,880129.2000000001,1061,8446.309090909092
2021,College of Computer Studies,411283.18,1946,4250.638000000001
2021,College of Criminal Justice and Education,1211946.6400000001,212,27480.908055555556
2021,College of Education,1145281.46,250,16410.84
2021,College of Public Administration & Governance,132072.36,288,3063.3496428571425
2021,Commission on Audit,69519.55,160,2193.7276
2021,Data Protection Office,173621.62,37,12161.324615384616
2021,Employee's Welfare Unit,1474180.62,84,46511.320666666674
2021,Extension Services Management Office,2003499.5,495,18060.495714285717
2021,Gender and Development Office,2304409.18,1873,17048.949464285713
2021,Guidance & Counseling Section (Lucinda),698182.41,280,3318.1538775510207
2021,Human Resource Development & Management Office,171504.66,104,2941.60725
2021,Institutional Planning and Development Office,116181.52,58,5036.486818181817
2021,Institutional Student Programs and Services,228151.36,316,4251.598666666667
2021,Integrated Management System Unit,14062709.620000001,577,271646.65411764703
2021,Internal Audit Services,100850.97,67,4160.461818181819
2021,International Affairs and Linkages Office,462276.85,143,14037.269999999999
2021,"International, Differently-Abled, Indigenous, Marginalized Student Services",258139.36,251,5178.680454545454
2021,Motorpool Unit,8786081.28,1092,72372.65301886792
2021,National Service Training Program,355761.13,276,6369.6237142857135
2021,OUHS-Dental Unit,970846.15,3646,7460.408833333334
2021,OUHS-Medical Unit (Main),3348925.24,75734,2714.908047337278
2021,"Office of Culture, Arts and Languages",1653083.94,798,26775.368611111113
2021,Office of the University President,932783.21,706,10235.413636363637
2021,Office of the University/Board Secretary,247049.23,274,3243.731111111111
2021,Office of the Vice President for Academic Affairs,329443.86,231,8462.93138888889
2021,Office of the Vice President for Administration,283422.02,258,5260.865
2021,Office of the Vice President for Planning and Quality Assurance,86333.4,119,1589.6672727272728
2021,"Office of the Vice President for Research, Innovation and Extension",69602.53,79,1507.009642857143
2021,Performance Management Unit,3158429.63,153,38630.385116279074
2021,Procurement Unit,965728.64,630,9665.71441860465
2021,Public Affairs Office,468398.45,96,7337.418636363636
2021,Quality Assurance Office,1941393.82,765,14578.393055555556
2021,Records & Archives Unit,337536.04000000004,697,6030.235227272727
2021,"Recruitment, Selection and Promotion Unit",191409.54,122,2541.433636363636
2021,Research Ethics & Review Committee,307446.72,156,8147.077499999999
2021,"Research, Accreditation and Records unit",266170.92,283,1932.9941666666668
2021,Scholarship and Financial Assistance Section,58951.35,217,675.5500000000001
2021,School of Law,201229.84,162,5421.552571428571
2021,Sports Development and Management Unit,5855529.24,11560,4542.947405405405
2021,Student Affairs Services,3628127.41,2130,16585.591596638656
2021,Student Development Services Unit,87237.78,177,1311.283
2021,Student Development Unit,125954.35,238,4498.79380952381
2021,Student Organization Section,343677.9,84,14482.331428571426
2021,Student Publication Section,5008103.43,455,56593.47051724138
2021,Student Welfare Services Unit,1075152.96,212,19212.27608695652
2021,Supply and Property Management Unit,965145.5,9638,4221.629583333333
2021,"Technology, Development, Transfer and Commercialization Office",1685244.31,191,62107.693846153845
2021,"Testing, Evaluation & Monitoring Section",2001042.18,388,51283.58142857143
2021,Training and Organization Development Unit,2335022.56,155,4137.588918918919
2021,University Hotel,3870310.29,26156,1906.8871874999998
2021,VPPQA - PCSU,13861376.11,32196,212014.04101694914
2022,Accounting Unit,254136.26,948,675.7493617021277
2022,Administrative Services Unit,5979279.04,21526,7563.256282051282
2022,Admission and Registration Office,2558844.78,1768,4800.195689655172
2022,Alumni Affairs Office,11867.78,77,156.48333333333332
2022,Budget Management Unit,224211.77000000002,442,1066.4023529411766
2022,Career Education & Job Placement Section,257118.66,251,6104.117222222222
2022,Cashiering Unit,1950037.94,995,8080.579117647059
2022,Center for Tarlaqueño Studies,83808.18,146,4818.917857142857
2022,College of Architecture and Fine Arts,30221.4,305,192.97222222222223
2022,College of Arts and Social Sciences,5430444.11,524,74730.32984374999
2022,College of Business and Accountancy,2428149.96,1772,15820.241546391751
2022,College of Computer Studies,1361852.63,1087,36590.61515151515
2022,College of Criminal Justice and Education,734423.76,241,14672.592352941178
2022,College of Education,4446539.02,260,5567.7490625
2022,College of Public Administration & Governance,42463.54,137,1190.4609090909091
2022,Commission on Audit,68223.38,211,1143.2109090909091
2022,Data Protection Office,242383.42,24,16796.237142857142
2022,Economic Enterprise Development Section,12085.630000000001,77,114.745
2022,Employee's Welfare Unit,1492206.06,87,48443.43068965517
2022,Extension Services Management Office,485532.41,463,8560.502142857144
2022,Gender and Development Office,3659711.04,196,95731.82
2022,Guidance & Counseling Section (Lucinda),1224255.56,224,32473.84
2022,Human Resource Development & Management Office,66013.0,95,472.8212121212121
2022,Institutional Planning and Development Office,1014267.64,55,53079.205789473686
2022,Institutional Student Programs and Services,80283.69,198,2255.0389285714286
2022,Integrated Management System Unit,1032617.23,209,25195.617000000002
2022,Internal Audit Services,20941.72,45,992.1405882352941
2022,International Affairs and Linkages Office,2331931.09,251,17540.250555555554
2022,"International, Differently-Abled, Indigenous, Marginalized Student Services",216725.0,168,6359.39
2022,Motorpool Unit,9915855.59,986,58652.547073170725
2022,National Service Training Program,555194.44,267,16411.308125
2022,OUHS-Dental Unit,1470941.9100000001,2033,18211.515925925927
2022,OUHS-Medical Unit (Main),3005762.03,59065,1818.607421383648
2022,"Office of Culture, Arts and Languages",691554.34,658,2203.896
2022,Office of the University President,801174.0,482,13323.92347826087
2022,Office of the University/Board Secretary,189615.26,293,2346.451212121212
2022,Office of the Vice President for Academic Affairs,718287.76,369,14528.761395348836
2022,Office of the Vice President for Administration,261197.44,204,6227.248888888888
2022,Office of the Vice President for Planning and Quality Assurance,106114.26,149,3388.194761904762
2022,"Office of the Vice President for Research, Innovation and Extension",30617.14,76,634.4107692307692
2022,Performance Management Unit,2945105.27,181,37615.54466666667
2022,Procurement Unit,956243.29,886,6896.752162162163
2022,Public Affairs Office,968902.06,70,23265.16470588235
2022,Quality Assurance Office,1723360.26,1120,12428.210000000001
2022,Records & Archives Unit,306382.41000000003,261,6851.54641025641
2022,"Recruitment, Selection and Promotion Unit",236400.66,84,4589.134
2022,Research Ethics & Review Committee,149967.9,136,3626.5829166666667
2022,"Research, Accreditation and Records unit",184867.89,284,6103.86925925926
2022,Scholarship and Financial Assistance Section,252172.16999999998,83,9385.959583333333
2022,School of Law,1120279.43,399,9986.975135135135
2022,Sports Development and Management Unit,4467798.61,5150,6549.841698113208
2022,Student Affairs Services,3173089.83,1014,28565.318113207544
2022,Student Development Services Unit,99516.5,96,3981.0163636363636
2022,Student Development Unit,42881.6,170,825.4084210526316
2022,Student Organization Section,643351.9199999999,91,35074.84166666667
2022,Student Publication Section,5041511.3,632,99924.1
2022,Student Welfare Services Unit,142048.88,30,8473.4025
2022,Supply and Property Management Unit,1042291.61,9748,3937.2827586206895
2022,"Technology, Development, Transfer and Commercialization Office",493473.45999999996,119,26537.832307692308
2022,"Testing, Evaluation & Monitoring Section",1592643.48,532,5661.753913043478
2022,Training and Organization Development Unit,2223241.9,130,3743.1392857142855
2022,University Hotel,7815147.57,15873,33811.53378787879
2022,VPPQA - PCSU,19939624.65,19930,366918.35193548386
2023,Accounting Unit,1581768.21,4769,9454.131458333333
2023,Administrative Services Unit,8087447.53,34454,8390.48448275862
2023,Admission and Registration Office,5776630.78,3151,16608.913684210525
2023,Alumni Affairs Office,10724.66,52,305.44818181818187
2023,Budget Management Unit,303845.64,331,721.71
2023,Career Education & Job Placement Section,380626.33999999997,229,4910.164693877551
2023,Cashiering Unit,1996504.1400000001,930,15614.796341463416
2023,Center for Community and Local Governance Studies and Policy Development,267338.88,201,4629.1466666666665
2023,Center for Engineering and Environmental Research,257785.36,116,4726.558285714286
2023,Center for Natural Products Research,488457.93,156,7674.820000000001
2023,"Center for Peace, Indigenous People Resources and Development",304506.77,89,5249.480967741935
2023,Center for Solar and Emerging Technologies,1266339.9,404,10133.07296875
2023,College of Architecture and Fine Arts,7216203.0,820,17219.9844
2023,College of Arts and Social Sciences,5618241.22,667,26837.14757894737
2023,College of Business and Accountancy,5494241.08,301,52155.89214285714
2023,College of Computer Studies,4361308.44,384,140513.1446153846
2023,College of Criminal Justice and Education,254417.16,412,3756.920625
2023,College of Education,7729238.859999999,898,57139.36696629214
2023,College of Industrial Technology,839497.6,2447,1780.8731460674157
2023,College of Public Administration & Governance,1500560.57,352,18715.753055555557
2023,Commission on Audit,268517.4,221,1727.0275000000001
2023,Economic Enterprise Development Section,495407.64,97,14189.596551724138
2023,Employee's Welfare Unit,15339304.5,111,353670.38558139536
2023,Extension Services Management Office,8849106.23,893,31476.966231884056
2023,Finance Office,90848.22,39,9115.153333333334
2023,Gender and Development Office,7046919.7,152,37081.933666666664
2023,Graduate Studies Office,213790.34,104,3899.292413793103
2023,Guidance & Counseling Section (Lucinda),2726873.48,261,34224.99739130434
2023,Human Resource Development & Management Office,152341.94,102,2059.259189189189
2023,Institutional Student Programs and Services,117051.88,262,2898.477142857143
2023,Internal Audit Services,149090.76,78,5618.240400000001
2023,International Affairs and Linkages Office,1879123.02,227,13706.359722222223
2023,"International, Differently-Abled, Indigenous, Marginalized Student Services",611175.67,183,10816.36606060606
2023,Motorpool Unit,24277718.3,967,330018.3116
2023,National Service Training Program,1667379.37,505,20177.518333333333
2023,OUHS-Dental Unit,2124739.46,2911,20733.86926470588
2023,OUHS-Medical Unit (Main),7450469.85,73482,17316.7875
2023,"Office of Culture, Arts and Languages",2147178.09,703,26762.0372972973
2023,Office of Curriculum and Instruction,247384.81,134,4000.8374193548384
2023,"Office of Planning, Performance, Monitoring & Evaluation",2454569.86,158,30579.164444444443
2023,Office of Student Affairs Services,4908181.74,2664,19145.549869281043
2023,Office of the University President,477669.35,476,10168.638611111111
2023,Office of the University/Board Secretary,141186.88,385,1070.1014285714286
2023,Office of the Vice President for Academic Affairs,431249.69999999995,260,10946.902962962964
2023,Office of the Vice President for Administration,17866433.54,468,141630.63067567567
2023,Office of the Vice President for Planning and Quality Assurance,3281668.77,671,25303.679827586206
2023,"Office of the Vice President for Research, Innovation and Extension",34713.17,52,1481.1863157894736
2023,Performance Management Unit,3833512.11,2692,20360.555263157894
2023,Pollution Control and Safety Unit,12628300.56,20452,51000.41829545454
2023,Procurement Unit,1334158.68,853,18685.344390243903
2023,Public Affairs Office,3674200.5700000003,107,67665.07102040817
2023,Quality Assurance Office,2617018.1399999997,152,12635.551304347826
2023,Records & Archives Unit,644898.24,319,10707.298611111111
2023,"Recruitment, Selection and Promotion Unit",752941.97,177,10828.49947368421
2023,Research Ethics & Review Committee,4952.78,72,48.84538461538462
2023,"Research, Accreditation and Records Unit",127837.66,81,7211.458
2023,Scholarship and Financial Assistance Section,427627.52,223,4640.937727272728
2023,School of Law,965021.1,182,11573.682926829268
2023,Sports Development and Management Unit,8801562.58,8817,6209.328864864865
2023,Student Development Services Unit,15623.38,95,170.55529411764707
2023,Student Development Unit,582104.63,180,19351.336666666666
2023,Student Organization Section,993892.24,121,40637.62608695652
2023,Student Publication Section,2934629.08,108,69394.50571428571
2023,Student Welfare Services Unit,272884.67,45,20545.989230769228
2023,Supply and Property Management Unit,9717593.78,16882,6405.086707317073
2023,"Technology, Development, Transfer and Commercialization Office",2269447.08,358,41819.778837209305
2023,"Testing, Evaluation & Monitoring Section",2145972.64,522,8376.761162790697
2023,Training and Organization Development Unit,454536.22,76,9150.983658536587
2023,University Hotel,7077332.4,13688,22787.2004494382
2024,Accounting Unit,1834502.37,6721,8268.0522
2024,Admission and Registration Office,7156326.57,4192,14287.848311688313
2024,Alumni Affairs Office,8784.92,97,102.505
2024,Budget Management Unit,98331.93,140,531.3177272727272
2024,Cashiering Unit,1528281.25,755,3743.7605263157902
2024,Center for Community and Local Governance Studies and Policy Development,1234360.78,357,22888.52022727273
2024,Center for Engineering and Environmental Research,1425150.52,279,12836.392638888889
2024,Center for Natural Products Research,4508002.12,4183,8206.624244604316
2024,"Center for Peace, Indigenous People Resources and Development",730900.12,138,11995.749714285714
2024,Center for Solar and Emerging Technologies,791732.6,523,7915.844318181818
2024,College of Architecture and Fine Arts,7692197.9399999995,917,36276.25210526316
2024,College of Arts and Social Sciences,3626392.09,758,33764.397032967034
2024,College of Business and Accountancy,11088187.93,6413,18544.702920353982
2024,College of Computer Studies,8385026.649999999,270,223575.29074074072
2024,College of Criminal Justice and Education,2519415.24,464,53335.389749999995
2024,College of Education,6987856.99,2727,14073.102307692308
2024,College of Industrial Technology,13026012.61,2597,120669.28550000001
2024,College of Public Administration & Governance,10668785.85,1571,20513.50315068493
2024,Commission on Audit,270097.04,162,1966.0858333333333
2024,Contract Management Unit,249471.63,263,8296.48875
2024,Employee's Welfare Unit,4288464.94,154,101228.57974358974
2024,Extension Services Management Office,14362058.75,1426,74986.12304347826
2024,Facilities Maintenance Unit,23066015.7,39104,18508.273263157895
2024,Finance Office,29837.26,49,665.8872727272727
2024,Gender and Development Office,3993618.79,382,31131.189552238804
2024,Graduate Studies Office,168284.99,171,2848.557857142857
2024,Human Resource Development & Management Office,308820.26,130,4355.289761904762
2024,Institutional Student Programs and Services,2976001.29,823,14602.061527777776
2024,Internal Audit Services,223971.91999999998,93,8111.7896
2024,International Affairs and Linkages Office,1304444.23,189,11238.235666666667
2024,Monitoring and Inspection Unit,1307388.4,193,9135.584705882353
2024,Motorpool Unit,12272442.8,901,58184.90642857143
2024,National Service Training Program,2281567.97,842,27781.43575342466
2024,OAS - Obligation and Administrative Service Unit,7000320.96,23602,12886.3225
2024,OAS - Payroll Services Unit,1172627.81,1558,4378.568181818182
2024,OUHS-Dental Unit,2181410.23,2881,26134.883157894736
2024,OUHS-Medical Unit (Main),4159432.39,76025,6138.724098360656
2024,"Office of Culture, Arts and Languages",4683059.35,708,62478.93727272727
2024,Office of Curriculum and Instruction,206042.54,385,2847.008888888889
2024,Office of Governance and Quality Management,4451435.98,413,57714.036458333336
2024,"Office of Planning, Performance, Monitoring & Evaluation",2939539.15,199,67698.99976744187
2024,Office of Student Affairs Services,3940241.2199999997,180,64576.54878787878
2024,Office of the University Legal Counsel,684876.17,476,6811.968653846154
2024,Office of the University President,1285303.95,447,13958.735172413793
2024,Office of the University/Board Secretary,927938.13,284,17646.031666666666
2024,Office of the Vice President for Academic Affairs,956592.16,249,17362.803863636364
2024,Office of the Vice President for Administration,20156790.24,189,613673.82
2024,"Office of the Vice President for Research, Innovation and Extension",942382.3200000001,91,27890.349
2024,Performance Management Unit,8500741.0,577,96237.6293548387
2024,Planning and Design Unit,3624786.0,328,47744.31388888889
2024,Pollution Control and Safety Unit,1243736.6600000001,613,7043.972191780822
2024,Procurement Unit,947127.36,1254,9363.734571428571
2024,Public Affairs Office,818389.06,98,16255.226315789472
2024,Quality Assurance Office,2177236.0500000003,659,64500.394687500004
2024,Records & Archives Unit,347764.69,252,8388.77657142857
2024,"Recruitment, Selection and Promotion Unit",1514762.34,370,9716.804057971014
2024,Research Ethics & Review Committee,17519.4,127,208.58499999999998
2024,"Research, Accreditation and Records Unit",176207.47,220,6698.393333333333
2024,School of Law,3707694.17,323,85757.838
2024,Sports Development and Management Unit,14630994.99,11845,8670.891561181435
2024,Student Development Services Unit,17767487.27,3348,47379.94774774775
2024,Student Welfare Services Unit,7436356.23,1426,33026.21031007752
2024,Supply and Property Management Unit,1729246.04,17675,2991.5044776119403
2024,"Technology, Development, Transfer and Commercialization Office",3476953.06,163,148496.50714285712
2024,Training and Organization Development Unit,601394.34,423,6152.661355932204
2024,University Hotel,11496987.08,14139,42087.79425373134
2025,Accounting Unit,611901.4299999999,3807,3770.8821052631574
2025,Admission and Registration Office,9305097.82,34745,23056.016744186047
2025,Alumni Affairs Office,856398.75,237,49440.43529411765
2025,Budget Management Unit,317646.56,208,8178.241851851852
2025,Cashiering Unit,865924.33,596,6156.983793103448
2025,Center for Community and Local Governance Studies and Policy Development,725733.33,152,18355.45
2025,Center for Engineering and Environmental Research,788948.04,268,16932.832790697677
2025,Center for Natural Products Research,9881647.53,2623,28569.647716262978
2025,"Center for Peace, Indigenous People Resources and Development",1760304.18,156,36061.60883720931
2025,Center for Solar and Emerging Technologies,1760010.49,225,44920.22131578947
2025,College of Architecture and Fine Arts,1106998.46,775,14103.947272727273
2025,College of Arts and Social Sciences,2171036.4,869,18652.986555555555
2025,College of Business and Accountancy,4280872.5,2148,26867.64345238095
2025,College of Computer Studies,3706868.56,298,25562.000833333335
2025,College of Criminal Justice and Education,312670.83,509,3605.775625
2025,College of Education,2399096.84,406,49540.443555555554
2025,College of Engineering,16348340.74,556,251504.09072727273
2025,College of Industrial Technology,9468357.4,4669,3387.856735751295
2025,College of Public Administration & Governance,6206438.36,1330,15054.91517857143
2025,Contract Management Unit,186828.97999999998,132,2819.0252941176473
2025,Employee's Welfare Unit,7327720.34,497,136775.5371111111
2025,Extension Services Management Office,19868494.16,998,211839.61609756097
2025,Facilities Maintenance Unit,28633444.51,26063,27756.234007858544
2025,Finance Office,120408.84,96,8275.801428571429
2025,Gender and Development Office,5618571.72,932,41599.46860465116
2025,Graduate Studies Office,312661.74,268,6392.475483870968
2025,Human Resource Development & Management Office,218396.39,179,2761.577777777778
2025,Institutional Student Programs and Services,1527056.6199999999,640,16240.080933333335
2025,Internal Audit Services,122030.39,103,3999.2292592592594
2025,International Affairs and Linkages Office,449772.95999999996,178,8853.29
2025,Janitorial & Ground Services Unit (Main),4546193.3,17521,1534.9890163934426
2025,Monitoring and Inspection Unit,147317.29,127,4040.468148148148
2025,Motorpool Unit,16987604.45,828,257010.43549019605
2025,National Service Training Program,2603810.63,513,48789.41788461538
2025,OAS - Obligation and Administrative Service Unit,8984907.82,28522,61104.29078947368
2025,OAS - Payroll Services Unit,1072058.47,1298,4214.663620689655
2025,OGQM-Anti-Red Tape Unit,1351919.96,274,29707.97717948718
2025,OGQM-Quality Management System Unit,2529204.45,285,73231.33484848484
2025,OUHS-Dental Unit,1408108.36,2957,7597.7678787878785
2025,OUHS-Medical Unit (Main),5174609.12,103296,3879.4744444444445
2025,"Office of Culture, Arts and Languages",5858908.3,850,58528.46533333333
2025,Office of Curriculum and Instruction,648600.0,46,44450.0
2025,Office of Governance and Quality Management,382245.12,6,76444.272
2025,"Office of Planning, Performance, Monitoring & Evaluation",2845668.52,213,64953.35953488372
2025,Office of Student Affairs Services,2603613.36,118,73736.922
2025,Office of the University Legal Counsel,52337.65,322,373.9890243902439
2025,Office of the University President,365804.82,287,3899.4953333333333
2025,Office of the University/Board Secretary,372819.24,545,3449.984390243902
2025,Office of the Vice President for Academic Affairs,632250.47,203,17214.008
2025,Office of the Vice President for Administration,17632647.07,378,322698.47222222225
2025,"Office of the Vice President for Research, Innovation and Extension",545692.58,119,18990.215185185185
2025,Performance Management Unit,9063204.91,1003,111911.38051724138
2025,Planning and Design Unit,391868.28,257,8769.364736842104
2025,Pollution Control and Safety Unit,8690836.15,5656,9771.967623762375
2025,Procurement Unit,1088079.02,1306,15357.709090909091
2025,Public Affairs Office,996576.11,130,13259.391153846153
2025,Quality Assurance Office,5694487.82,826,134343.8019512195
2025,Records & Archives Unit,687944.6,448,9327.245
2025,"Recruitment, Selection and Promotion Unit",1292814.66,642,6910.624795918367
2025,Research Ethics & Review Committee,63918.29,144,1352.2633333333333
2025,"Research, Accreditation and Records Unit",45195.3,169,1397.5235
2025,School of Law,2007511.33,177,60294.715151515156
2025,Sports Development and Management Unit,15489810.51,18367,9859.144775086505
2025,Student Development Services Unit,12478175.14,4526,37383.04016949153
2025,Student Welfare Services Unit,6551629.14,1628,29370.36742647059
2025,Supply and Property Management Unit,3762537.39,17845,25449.607083333332
2025,"Technology, Development, Transfer and Commercialization Office",5372747.76,294,108638.77325581395
2025,Training and Organization Development Unit,2800229.2800000003,749,42227.66965517241
2025,University Hotel,4804962.48,11990,20296.32650793651
2026,Accounting Unit,163000.0,878,430.35714285714283
2026,Admission and Registration Office,7521715.0,4069,15140.083333333334
2026,Alumni Affairs Office,57230.0,38,5163.125
2026,Budget Management Unit,194185.0,199,4286.923076923077
2026,Cashiering Unit,1514122.6,719,4391.532413793104
2026,Center for Community and Local Governance Studies and Policy Development,290461.0,195,10108.857142857143
2026,Center for Engineering and Environmental Research,236090.0,108,8072.055555555556
2026,Center for Natural Products Research,2382095.0,572,20812.156862745098
2026,"Center for Peace, Indigenous People Resources and Development",1826314.0,196,41900.55172413793
2026,Center for Solar and Emerging Technologies,1167666.64,212,19326.73464285714
2026,College of Architecture and Fine Arts,763625.0,421,14748.391304347826
2026,College of Arts and Social Sciences,2594731.5,1131,18946.445054945056
2026,College of Business and Accountancy,3120900.0,959,35400.982142857145
2026,College of Computer Studies,241725.6,258,1002.479375
2026,College of Criminal Justice and Education,2626010.0,254,109926.73913043478
2026,College of Education,3187032.0,632,23141.96551724138
2026,College of Engineering,9219541.0,242,149889.80952380953
2026,College of Industrial Technology,1021646.0,284,7720.585263157895
2026,College of Public Administration & Governance,455075.0,251,3561.1666666666665
2026,Employee's Welfare Unit,6384580.0,432,176736.83333333334
2026,Facilities Maintenance Unit,34777135.0,49066,33659.36497890295
2026,Finance Office,6626.0,49,109.0
2026,Gender and Development Office,9584685.0,957,48731.77647058824
2026,Graduate Studies Office,11240.0,57,341.53846153846155
2026,Human Resource Development & Management Office,44860.0,119,604.2307692307693
2026,Institutional Student Programs and Services,1044690.0,418,11743.606557377048
2026,Internal Audit Services,225600.0,52,9206.785714285714
2026,International Affairs and Linkages Office,678580.0,108,18333.0
2026,Janitorial & Ground Services Unit (Main),4017450.0,13127,3415.3846153846152
2026,Motorpool Unit,12512010.0,925,158604.71153846153
2026,National Service Training Program,835490.0,493,17754.20512820513
2026,OAS - Obligation and Administrative Service Unit,12155500.0,28322,40477.77777777778
2026,OAS - Payroll Services Unit,553969.0,1485,1567.1891891891892
2026,OGQM-Anti-Red Tape Unit,1380280.0,293,21375.0
2026,OGQM-Quality Management System Unit,2741685.0,271,78172.79411764706
2026,OUHS-Dental Unit,2052830.0,2558,12506.25352112676
2026,OUHS-Medical Unit (Main),5139383.2,102552,3313.939752475247
2026,"Office of Culture, Arts and Languages",5720569.5,1024,34690.99193548387
2026,Office of Curriculum and Instruction,1231560.0,34,119232.0
2026,Office of Innovation and Business Development,3594730.0,285,93893.14285714286
2026,"Office of Planning, Performance, Monitoring & Evaluation",2709785.0,133,81095.45454545454
2026,Office of Student Affairs Services,541570.0,268,12866.75
2026,Office of University Extension Services,20948690.6,632,394205.13958333334
2026,Office of the University Legal Counsel,161570.0,226,4365.178571428572
2026,Office of the University President,109166.0,254,580.671875
2026,Office of the University/Board Secretary,209085.0,449,1253.7931034482758
2026,Office of the Vice President for Academic Affairs,303470.0,177,10259.038461538461
2026,Office of the Vice President for Administration,21758080.0,543,399176.48148148146
2026,"Office of the Vice President for Research, Innovation and Extension",20835.0,62,323.3333333333333
2026,Performance Management Unit,5532200.0,364,127951.42857142857
2026,Pollution Control and Safety Unit,4971590.0,6375,10788.521126760563
2026,Procurement Unit,407337.0,1137,3019.3333333333335
2026,Public Affairs Office,455770.0,183,8190.869565217391
2026,Records & Archives Unit,206359.0,309,3598.391304347826
2026,"Recruitment, Selection and Promotion Unit",1766525.0,492,13851.233766233767
2026,Research Ethics & Review Committee,27862.0,140,266.3333333333333
2026,"Research, Accreditation and Records Unit",124585.0,125,1716.5384615384614
2026,School of Law,3862738.0,314,79019.97297297297
2026,Sports Development and Management Unit,11285359.0,15116,7104.555970149254
2026,Student Development Services Unit,17695564.0,3230,71670.05785714286
2026,Student Welfare Services Unit,4854771.84,3496,12645.175154639175
2026,Supply and Property Management Unit,2367008.0,13809,6526.823684210526
2026,Training and Organization Development Unit,72586.0,170,500.4
2026,University Hotel,3507025.0,7715,9146.22641509434
